URL,Status,Response Code,Protocol,Method,Content-Type,Client Address,Remote Address,Exception,Request Start Time,Request End Time,Response Start Time,Response End Time,Duration (ms),Request Duration (ms),Response Duration (ms),Latency (ms),Speed (KB/s),Response Speed (KB/s),Request Header Size (bytes),Request Body Size (bytes),Response Header Size (bytes),Response Body Size (bytes),Request Compression,Response Compression
https://itunes.apple.com:443,Complete,-1,https,CONNECT,,/127.0.0.1,itunes.apple.com/23.206.210.217,,13 Feb 2014 13:22:01,,,13 Feb 2014 13:22:02,1127,,,,17.008825,,192,2100,0,17337,,
https://s.mzstatic.com:443,Complete,-1,https,CONNECT,,/127.0.0.1,s.mzstatic.com/23.207.3.205,,13 Feb 2014 13:22:02,,,13 Feb 2014 13:22:03,622,,,,3.3190565,,188,818,0,1108,,
https://s.mzstatic.com:443,Complete,-1,https,CONNECT,,/127.0.0.1,s.mzstatic.com/23.207.3.205,,13 Feb 2014 13:22:02,,,13 Feb 2014 13:22:03,687,,,,2.7093568,,188,802,0,916,,
https://s.mzstatic.com:443,Complete,-1,https,CONNECT,,/127.0.0.1,s.mzstatic.com/23.207.3.205,,13 Feb 2014 13:22:03,,,13 Feb 2014 13:22:03,222,,,,5.102759,,188,834,0,138,,
https://s.mzstatic.com:443,Complete,-1,https,CONNECT,,/127.0.0.1,s.mzstatic.com/23.207.3.205,,13 Feb 2014 13:22:03,,,13 Feb 2014 13:22:03,218,,,,8.108157,,188,834,0,788,,
https://itunes.apple.com:443,Complete,-1,https,CONNECT,,/127.0.0.1,itunes.apple.com/23.206.210.217,,13 Feb 2014 13:22:03,,,13 Feb 2014 13:22:03,257,,,,42.71036,,192,2052,0,8996,,
https://client-api.itunes.apple.com:443,Complete,-1,https,CONNECT,,/127.0.0.1,client-api.itunes.apple.com/23.206.210.217,,13 Feb 2014 13:22:03,,,13 Feb 2014 13:22:03,306,,,,49.268536,,214,2687,0,12537,,
http://a2.mzstatic.com/us/r30/Purple4/v4/2d/53/86/2d538696-567a-26cf-7047-04f3d7cfa3dd/icon_100.png,Complete,200,http,GET,image/png,/127.0.0.1,a2.mzstatic.com/23.218.156.8,,13 Feb 2014 13:22:04,13 Feb 2014 13:22:04,13 Feb 2014 13:22:05,13 Feb 2014 13:22:05,937,0,13,517,19.60108,1385.2914,366,,242,18199,,
http://a3.mzstatic.com/us/r30/Purple6/v4/ca/54/aa/ca54aaad-bf3f-f09f-8733-7bd13eebb5b8/icon_100.png,Complete,200,http,GET,image/png,/127.0.0.1,a3.mzstatic.com/23.218.156.18,,13 Feb 2014 13:22:04,13 Feb 2014 13:22:04,13 Feb 2014 13:22:05,13 Feb 2014 13:22:05,1351,0,47,840,14.909385,420.9608,366,,242,20018,,
http://a4.mzstatic.com/us/r30/Purple4/v4/ef/9e/b1/ef9eb104-eb7d-b85a-d9ec-3e3b3a13f7f0/icon_100.png,Complete,200,http,GET,image/png,/127.0.0.1,a4.mzstatic.com/23.218.156.27,,13 Feb 2014 13:22:04,13 Feb 2014 13:22:04,13 Feb 2014 13:22:05,13 Feb 2014 13:22:05,1268,1,3,769,16.9258,7034.8306,366,,242,21369,,
http://a4.mzstatic.com/us/r30/Purple6/v4/aa/2c/f5/aa2cf56e-70ab-dde5-34a0-72dda3059ad3/icon_100.png,Complete,200,http,GET,image/png,/127.0.0.1,a4.mzstatic.com/23.218.156.27,,13 Feb 2014 13:22:04,13 Feb 2014 13:22:04,13 Feb 2014 13:22:05,13 Feb 2014 13:22:05,1350,0,47,804,1.7288773,42.054523,366,,240,1784,,
http://a5.mzstatic.com/us/r30/Purple6/v4/b0/9e/5e/b09e5e4c-1a06-4392-efb2-01e878bbccaa/icon_100.png,Complete,200,http,GET,image/png,/127.0.0.1,a5.mzstatic.com/23.218.156.11,,13 Feb 2014 13:22:04,13 Feb 2014 13:22:04,13 Feb 2014 13:22:05,13 Feb 2014 13:22:05,1307,0,4,805,8.830904,2796.1423,366,,242,11211,,
http://a4.mzstatic.com/us/r30/Purple6/v4/fa/42/9a/fa429ad9-c924-d590-c9d4-78c2e54f0bd7/icon_100.png,Complete,200,http,GET,image/png,/127.0.0.1,a4.mzstatic.com/23.218.156.27,,13 Feb 2014 13:22:04,13 Feb 2014 13:22:04,13 Feb 2014 13:22:05,13 Feb 2014 13:22:05,1266,0,3,768,13.455118,5558.9194,366,,242,16835,,
https://se.itunes.apple.com:443,Complete,-1,https,CONNECT,,/127.0.0.1,se.itunes.apple.com/23.207.2.217,,13 Feb 2014 13:22:04,,,13 Feb 2014 13:22:05,1263,,,,2.3845754,,198,2748,0,138,,
https://client-api.itunes.apple.com:443,Complete,-1,https,CONNECT,,/127.0.0.1,client-api.itunes.apple.com/23.206.210.217,,13 Feb 2014 13:22:04,,,13 Feb 2014 13:22:05,977,,,,16.902428,,214,2735,0,13961,,
https://client-api.itunes.apple.com:443,Complete,-1,https,CONNECT,,/127.0.0.1,client-api.itunes.apple.com/23.206.210.217,,13 Feb 2014 13:22:04,,,13 Feb 2014 13:22:05,856,,,,2.9194198,,214,2207,0,138,,
https://client-api.itunes.apple.com:443,Complete,-1,https,CONNECT,,/127.0.0.1,client-api.itunes.apple.com/23.206.210.217,,13 Feb 2014 13:22:04,,,13 Feb 2014 13:22:05,986,,,,16.557983,,214,2735,0,13769,,
https://client-api.itunes.apple.com:443,Complete,-1,https,CONNECT,,/127.0.0.1,client-api.itunes.apple.com/23.206.210.217,,13 Feb 2014 13:22:04,,,13 Feb 2014 13:22:05,972,,,,17.06975,,214,2735,0,14041,,
http://a1.mzstatic.com/us/r30/Purple/v4/1b/a6/05/1ba6053b-3ecd-6308-1ff5-55c100e16643/icon_100.png,Complete,200,http,GET,image/png,/127.0.0.1,a1.mzstatic.com/23.218.156.19,,13 Feb 2014 13:22:05,13 Feb 2014 13:22:05,13 Feb 2014 13:22:06,13 Feb 2014 13:22:06,1109,0,25,597,9.2196665,394.72656,365,,241,9864,,
http://a4.mzstatic.com/us/r30/Purple6/v4/bc/e6/5f/bce65fcd-bca9-c2a6-7535-12b151363645/icon_100.png,Complete,200,http,GET,image/png,/127.0.0.1,a4.mzstatic.com/23.218.156.27,,13 Feb 2014 13:22:05,13 Feb 2014 13:22:05,13 Feb 2014 13:22:06,13 Feb 2014 13:22:06,799,0,25,768,25.430958,798.47656,366,,242,20199,,
http://a4.mzstatic.com/us/r30/Purple6/v4/3e/c7/6d/3ec76d7d-af25-7dca-52ec-64bf427de121/icon_100.png,Complete,200,http,GET,image/png,/127.0.0.1,a4.mzstatic.com/23.218.156.27,,13 Feb 2014 13:22:05,13 Feb 2014 13:22:05,13 Feb 2014 13:22:06,13 Feb 2014 13:22:06,783,0,49,730,13.437401,207.42986,366,,242,10166,,
http://a1.mzstatic.com/us/r30/Purple/v4/6d/1d/52/6d1d5208-8dc3-c08e-1587-ada249f79146/icon_100.png,Complete,200,http,GET,image/png,/127.0.0.1,a1.mzstatic.com/23.218.156.19,,13 Feb 2014 13:22:05,13 Feb 2014 13:22:05,13 Feb 2014 13:22:06,13 Feb 2014 13:22:06,975,0,19,832,13.460537,671.97784,365,,242,12832,,
http://a4.mzstatic.com/us/r30/Purple/v4/56/a6/b6/56a6b6b8-b034-dde7-23b5-305ca1485318/icon_100.png,Complete,200,http,GET,image/png,/127.0.0.1,a4.mzstatic.com/23.218.156.27,,13 Feb 2014 13:22:05,13 Feb 2014 13:22:05,13 Feb 2014 13:22:06,13 Feb 2014 13:22:06,787,0,121,653,10.935762,68.181816,365,,241,8207,,
http://a1.mzstatic.com/us/r30/Purple/v4/1b/71/7d/1b717ddf-9761-8811-1345-441fa874bd25/icon_100.png,Complete,200,http,GET,image/png,/127.0.0.1,a1.mzstatic.com/23.218.156.19,,13 Feb 2014 13:22:05,13 Feb 2014 13:22:05,13 Feb 2014 13:22:06,13 Feb 2014 13:22:06,923,0,11,832,4.1654677,317.1165,365,,240,3332,,
http://a1.mzstatic.com/us/r30/Purple/v4/bb/c8/8e/bbc88eae-df29-01b9-2089-3fc00d0aa9a6/icon_100.png,Complete,200,http,GET,image/png,/127.0.0.1,a1.mzstatic.com/23.218.156.19,,13 Feb 2014 13:22:06,13 Feb 2014 13:22:06,13 Feb 2014 13:22:07,13 Feb 2014 13:22:07,827,0,14,810,8.60603,482.91016,365,,241,6682,,
http://a5.mzstatic.com/us/r30/Purple4/v4/09/64/4f/09644fd6-1a2c-8ad5-b665-73e6058b9f05/icon_100.png,Complete,200,http,GET,image/png,/127.0.0.1,a5.mzstatic.com/23.218.156.11,,13 Feb 2014 13:22:06,13 Feb 2014 13:22:06,13 Feb 2014 13:22:07,13 Feb 2014 13:22:07,802,0,9,709,14.05422,1212.6737,366,,242,10934,,
http://a1.mzstatic.com/us/r30/Purple6/v4/73/7d/3f/737d3fbc-cef2-ab5a-e49a-2dafa131e5c7/icon_100.png,Complete,200,http,GET,image/png,/127.0.0.1,a1.mzstatic.com/23.218.156.19,,13 Feb 2014 13:22:06,13 Feb 2014 13:22:06,13 Feb 2014 13:22:06,13 Feb 2014 13:22:06,707,0,3,632,7.507238,1650.0651,366,,241,4828,,
http://a5.mzstatic.com/us/r30/Purple4/v4/e0/ba/37/e0ba37d7-559a-56a3-cff7-13081f4ad16f/icon_100.png,Complete,200,http,GET,image/png,/127.0.0.1,a5.mzstatic.com/23.218.156.11,,13 Feb 2014 13:22:06,13 Feb 2014 13:22:06,13 Feb 2014 13:22:07,13 Feb 2014 13:22:07,730,0,15,659,11.590325,540.2344,366,,241,8057,,
https://se.itunes.apple.com:443,Complete,-1,https,CONNECT,,/127.0.0.1,se.itunes.apple.com/23.207.2.217,,13 Feb 2014 13:22:06,,,13 Feb 2014 13:22:07,730,,,,8.227204,,198,4076,0,1876,,
http://a5.mzstatic.com/us/r30/Purple/v4/e5/fa/08/e5fa08ba-095e-ee2b-5a12-062d65a24a87/icon_100.png,Complete,200,http,GET,image/png,/127.0.0.1,a5.mzstatic.com/23.218.156.11,,13 Feb 2014 13:22:06,13 Feb 2014 13:22:06,13 Feb 2014 13:22:07,13 Feb 2014 13:22:07,579,0,4,512,33.29252,4729.9805,365,,242,19132,,
http://a5.mzstatic.com/us/r30/Purple/v4/cf/4c/3d/cf4c3df0-125f-7fd7-4bc8-738f9397507f/icon_100.png,Complete,200,http,GET,image/png,/127.0.0.1,a5.mzstatic.com/23.218.156.11,,13 Feb 2014 13:22:06,13 Feb 2014 13:22:06,13 Feb 2014 13:22:07,13 Feb 2014 13:22:07,624,0,47,510,47.364845,621.26,365,,242,29658,,
http://a2.mzstatic.com/us/r30/Purple4/v4/e1/00/4a/e1004a55-9076-2548-63c7-3e0d691af96d/icon_100.png,Complete,200,http,GET,image/png,/127.0.0.1,a2.mzstatic.com/23.218.156.8,,13 Feb 2014 13:22:06,13 Feb 2014 13:22:06,13 Feb 2014 13:22:07,13 Feb 2014 13:22:07,284,0,10,212,58.016064,1611.9141,366,,242,16264,,
http://a2.mzstatic.com/us/r30/Purple4/v4/a7/b4/c6/a7b4c6a8-85c2-f597-975c-89d8dd79fcd0/icon_100.png,Complete,200,http,GET,image/png,/127.0.0.1,a2.mzstatic.com/23.218.156.8,,13 Feb 2014 13:22:07,13 Feb 2014 13:22:07,13 Feb 2014 13:22:07,13 Feb 2014 13:22:07,360,0,2,299,10.327148,1680.1757,366,,240,3201,,
http://a2.mzstatic.com/us/r30/Purple4/v4/1e/3a/bd/1e3abd40-f49f-1e27-bd09-47da163be488/icon_100.png,Complete,200,http,GET,image/png,/127.0.0.1,a2.mzstatic.com/23.218.156.8,,13 Feb 2014 13:22:07,13 Feb 2014 13:22:07,13 Feb 2014 13:22:07,13 Feb 2014 13:22:07,510,0,6,444,35.343903,2944.6614,366,,242,17850,,
http://a2.mzstatic.com/us/r30/Purple/v4/4e/35/5f/4e355f65-e671-a0f8-060b-3733152f7995/icon_100.png,Complete,200,http,GET,image/png,/127.0.0.1,a2.mzstatic.com/23.218.156.8,,13 Feb 2014 13:22:07,13 Feb 2014 13:22:07,13 Feb 2014 13:22:07,13 Feb 2014 13:22:07,563,0,7,501,37.187428,2940.011,365,,242,20832,,
http://a3.mzstatic.com/us/r30/Purple/v4/7c/84/21/7c8421fd-9a76-d826-ee57-665c94a853f2/icon_100.png,Complete,200,http,GET,image/png,/127.0.0.1,a3.mzstatic.com/23.218.156.18,,13 Feb 2014 13:22:07,13 Feb 2014 13:22:07,13 Feb 2014 13:22:07,13 Feb 2014 13:22:07,524,0,29,441,11.405654,193.79715,365,,241,5514,,
http://a3.mzstatic.com/us/r30/Purple6/v4/0a/95/f5/0a95f57a-e151-ec15-8f5f-643f8ba16ab0/icon_100.png,Complete,200,http,GET,image/png,/127.0.0.1,a3.mzstatic.com/23.218.156.18,,13 Feb 2014 13:22:07,13 Feb 2014 13:22:07,13 Feb 2014 13:22:07,13 Feb 2014 13:22:07,536,0,11,467,17.31212,811.0795,366,,241,8895,,
http://a2.mzstatic.com/us/r30/Purple/v4/21/6f/f2/216ff2ee-482d-a367-cfd9-e861f9fb58cf/icon_100.png,Complete,200,http,GET,image/png,/127.0.0.1,a2.mzstatic.com/23.218.156.8,,13 Feb 2014 13:22:07,13 Feb 2014 13:22:07,13 Feb 2014 13:22:07,13 Feb 2014 13:22:07,516,0,78,435,32.923027,213.22867,365,,242,16789,,
http://a3.mzstatic.com/us/r30/Purple/v4/c4/e3/e4/c4e3e472-b5bf-67f6-4e9a-3a16bc206f25/icon_100.png,Complete,200,http,GET,image/png,/127.0.0.1,a3.mzstatic.com/23.218.156.18,,13 Feb 2014 13:22:07,13 Feb 2014 13:22:07,13 Feb 2014 13:22:07,13 Feb 2014 13:22:07,517,0,11,443,37.366264,1723.8104,365,,242,19175,,
http://a3.mzstatic.com/us/r30/Purple6/v4/da/62/03/da6203de-4856-5d42-7ba2-78156b583131/icon_100.png,Complete,200,http,GET,image/png,/127.0.0.1,a3.mzstatic.com/23.218.156.18,,13 Feb 2014 13:22:07,13 Feb 2014 13:22:07,13 Feb 2014 13:22:08,13 Feb 2014 13:22:08,644,0,28,561,9.886937,214.63448,366,,241,5913,,
http://a3.mzstatic.com/us/r30/Purple/v4/4d/c7/7b/4dc77bf2-0ca3-85e6-9931-0ff84b5ae0d0/icon_100.png,Complete,200,http,GET,image/png,/127.0.0.1,a3.mzstatic.com/23.218.156.18,,13 Feb 2014 13:22:07,13 Feb 2014 13:22:07,13 Feb 2014 13:22:08,13 Feb 2014 13:22:08,615,0,25,587,29.99873,723.71094,365,,242,18285,,
http://a5.mzstatic.com/us/r30/Purple4/v4/b0/33/5a/b0335a0e-eb74-f32c-7ce0-d29cf609ae73/icon_100.png,Complete,200,http,GET,image/png,/127.0.0.1,a5.mzstatic.com/23.218.156.11,,13 Feb 2014 13:22:07,13 Feb 2014 13:22:07,13 Feb 2014 13:22:08,13 Feb 2014 13:22:08,451,1,9,353,22.484756,1087.0226,366,,241,9777,,
http://a2.mzstatic.com/us/r30/Purple4/v4/e0/30/33/e03033ba-2c7e-4ec7-5f25-0f11d32f70e1/icon_100.png,Complete,200,http,GET,image/png,/127.0.0.1,a2.mzstatic.com/23.218.156.8,,13 Feb 2014 13:22:07,13 Feb 2014 13:22:07,13 Feb 2014 13:22:08,13 Feb 2014 13:22:08,562,0,19,460,14.075011,397.51236,366,,241,7493,,
http://a4.mzstatic.com/us/r30/Purple4/v4/0c/e7/00/0ce7000c-64af-a079-81d7-185cfe7dcf24/icon_100.png,Complete,200,http,GET,image/png,/127.0.0.1,a4.mzstatic.com/23.218.156.27,,13 Feb 2014 13:22:07,13 Feb 2014 13:22:07,13 Feb 2014 13:22:08,13 Feb 2014 13:22:08,402,0,99,247,13.156872,49.814552,366,,241,4809,,
http://a3.mzstatic.com/us/r30/Purple6/v4/15/be/4a/15be4ad0-6630-a47b-a355-56eed770dfae/icon_100.png,Complete,200,http,GET,image/png,/127.0.0.1,a3.mzstatic.com/23.218.156.18,,13 Feb 2014 13:22:07,13 Feb 2014 13:22:07,13 Feb 2014 13:22:08,13 Feb 2014 13:22:08,356,0,6,347,67.29229,3933.1055,366,,242,23923,,
http://a4.mzstatic.com/us/r30/Purple/v4/e5/7b/e0/e57be0e4-aadf-d0a6-36a1-9c0c9cf58823/icon_100.png,Complete,200,http,GET,image/png,/127.0.0.1,a4.mzstatic.com/23.218.156.27,,13 Feb 2014 13:22:08,13 Feb 2014 13:22:08,13 Feb 2014 13:22:08,13 Feb 2014 13:22:08,269,0,2,210,21.611437,2728.5154,365,,241,5347,,
http://a1.mzstatic.com/us/r30/Purple6/v4/94/f0/af/94f0af36-f8dd-537b-3b9a-0ca6b15d98b2/icon_100.png,Complete,200,http,GET,image/png,/127.0.0.1,a1.mzstatic.com/23.218.156.19,,13 Feb 2014 13:22:08,13 Feb 2014 13:22:08,13 Feb 2014 13:22:08,13 Feb 2014 13:22:08,310,0,104,106,75.90726,222.82527,366,,242,23488,,
http://a5.mzstatic.com/us/r30/Purple4/v4/05/8c/7a/058c7a3b-c3f7-c9f8-a636-36b3924bc33b/icon_100.png,Complete,200,http,GET,image/png,/127.0.0.1,a5.mzstatic.com/23.218.156.11,,13 Feb 2014 13:22:08,13 Feb 2014 13:22:08,13 Feb 2014 13:22:08,13 Feb 2014 13:22:08,311,1,22,213,79.13611,1102.4503,366,,242,24594,,
http://a4.mzstatic.com/us/r30/Purple4/v4/d8/65/5c/d8655c10-edef-86df-21f4-4998e51ba266/icon_100.png,Complete,200,http,GET,image/png,/127.0.0.1,a4.mzstatic.com/23.218.156.27,,13 Feb 2014 13:22:08,13 Feb 2014 13:22:08,13 Feb 2014 13:22:08,13 Feb 2014 13:22:08,331,0,9,250,21.395864,747.17883,366,,241,6645,,
http://a1.mzstatic.com/us/r30/Purple/v4/66/19/a7/6619a7ab-cd41-2382-734f-26252845c375/icon_100.png,Complete,200,http,GET,image/png,/127.0.0.1,a1.mzstatic.com/23.218.156.19,,13 Feb 2014 13:22:08,13 Feb 2014 13:22:08,13 Feb 2014 13:22:08,13 Feb 2014 13:22:08,315,1,38,206,79.00856,645.5592,365,,242,24878,,
http://a4.mzstatic.com/us/r30/Purple4/v4/f3/4a/1a/f34a1ade-8f57-458b-b5b9-527cbba3141c/icon_100.png,Complete,200,http,GET,image/png,/127.0.0.1,a4.mzstatic.com/23.218.156.27,,13 Feb 2014 13:22:08,13 Feb 2014 13:22:08,13 Feb 2014 13:22:08,13 Feb 2014 13:22:08,240,0,2,179,43.71745,5067.383,366,,242,10136,,
http://a4.mzstatic.com/us/r30/Purple4/v4/13/b1/7e/13b17ed5-fa46-47b5-d320-0631a198c6d5/icon_100.png,Complete,200,http,GET,image/png,/127.0.0.1,a4.mzstatic.com/23.218.156.27,,13 Feb 2014 13:22:08,13 Feb 2014 13:22:08,13 Feb 2014 13:22:08,13 Feb 2014 13:22:08,481,0,59,419,29.786171,236.77502,366,,242,14063,,
http://a4.mzstatic.com/us/r30/Purple/v4/82/af/61/82af61d8-8ff0-1ef3-4629-d5cac16350e9/icon_100.png,Complete,200,http,GET,image/png,/127.0.0.1,a4.mzstatic.com/23.218.156.27,,13 Feb 2014 13:22:08,13 Feb 2014 13:22:08,13 Feb 2014 13:22:09,13 Feb 2014 13:22:09,652,0,28,526,34.23361,784.4238,365,,242,22249,,
http://a1.mzstatic.com/us/r30/Purple6/v4/b2/d0/ad/b2d0ad3d-2951-273f-eebb-dffd59828cba/icon_100.png,Complete,200,http,GET,image/png,/127.0.0.1,a1.mzstatic.com/23.218.156.19,,13 Feb 2014 13:22:08,13 Feb 2014 13:22:08,13 Feb 2014 13:22:08,13 Feb 2014 13:22:08,385,0,3,305,13.151888,1568.6849,366,,241,4578,,
http://a1.mzstatic.com/us/r30/Purple6/v4/da/22/c4/da22c449-e294-9e71-bd8d-e0ddeb435556/icon_100.png,Complete,200,http,GET,image/png,/127.0.0.1,a1.mzstatic.com/23.218.156.19,,13 Feb 2014 13:22:08,13 Feb 2014 13:22:08,13 Feb 2014 13:22:08,13 Feb 2014 13:22:08,370,1,2,363,11.681799,1982.4218,366,,240,3820,,
http://a1.mzstatic.com/us/r30/Purple6/v4/7a/1d/9a/7a1d9afb-94ed-0e72-21c7-0316b0b168e8/icon_100.png,Complete,200,http,GET,image/png,/127.0.0.1,a1.mzstatic.com/23.218.156.19,,13 Feb 2014 13:22:08,13 Feb 2014 13:22:08,13 Feb 2014 13:22:09,13 Feb 2014 13:22:09,581,1,3,516,5.000471,849.2839,366,,240,2369,,
http://a5.mzstatic.com/us/r30/Purple4/v4/77/af/b5/77afb553-87b3-4036-ef78-d8586dfa3542/icon_100.png,Complete,200,http,GET,image/png,/127.0.0.1,a5.mzstatic.com/23.218.156.11,,13 Feb 2014 13:22:08,13 Feb 2014 13:22:08,13 Feb 2014 13:22:08,13 Feb 2014 13:22:08,370,0,16,292,49.939293,1132.5073,366,,242,18313,,
http://a1.mzstatic.com/us/r30/Purple4/v4/1d/12/64/1d126433-59dd-292e-9fbe-38d96f223907/icon_100.png,Complete,200,http,GET,image/png,/127.0.0.1,a1.mzstatic.com/23.218.156.19,,13 Feb 2014 13:22:08,13 Feb 2014 13:22:08,13 Feb 2014 13:22:09,13 Feb 2014 13:22:09,517,1,65,389,43.7772,342.69833,366,,242,22568,,
http://a5.mzstatic.com/us/r30/Purple/v4/3c/2b/a1/3c2ba145-237d-8255-6955-bcec68e32c5e/icon_100.png,Complete,200,http,GET,image/png,/127.0.0.1,a5.mzstatic.com/23.218.156.11,,13 Feb 2014 13:22:08,13 Feb 2014 13:22:08,13 Feb 2014 13:22:09,13 Feb 2014 13:22:09,585,1,3,516,19.741587,3730.7942,365,,242,11219,,
http://a5.mzstatic.com/us/r30/Purple4/v4/fc/5c/7a/fc5c7af0-7c09-bcc8-cf35-08c0cad60ec2/icon_100.png,Complete,200,http,GET,image/png,/127.0.0.1,a5.mzstatic.com/23.218.156.11,,13 Feb 2014 13:22:08,13 Feb 2014 13:22:08,13 Feb 2014 13:22:09,13 Feb 2014 13:22:09,454,1,54,333,59.8564,496.6182,366,,242,27219,,
http://a2.mzstatic.com/us/r30/Purple/v4/92/ee/54/92ee5402-4ca2-888b-967a-c63cca45ba1b/icon_100.png,Complete,200,http,GET,image/png,/127.0.0.1,a2.mzstatic.com/23.218.156.8,,13 Feb 2014 13:22:08,13 Feb 2014 13:22:08,13 Feb 2014 13:22:09,13 Feb 2014 13:22:09,573,0,4,491,15.49036,2129.8828,365,,241,8483,,
http://a5.mzstatic.com/us/r30/Purple/v4/49/6d/38/496d381b-8b32-784a-19af-ac78284b97f4/icon_100.png,Complete,200,http,GET,image/png,/127.0.0.1,a5.mzstatic.com/23.218.156.11,,13 Feb 2014 13:22:09,13 Feb 2014 13:22:09,13 Feb 2014 13:22:09,13 Feb 2014 13:22:09,318,0,5,256,46.810513,2905.8594,365,,242,14636,,
http://a2.mzstatic.com/us/r30/Purple4/v4/7d/00/c8/7d00c884-00a1-5b38-21eb-eeda28ca7e2a/icon_100.png,Complete,200,http,GET,image/png,/127.0.0.1,a2.mzstatic.com/23.218.156.8,,13 Feb 2014 13:22:09,13 Feb 2014 13:22:09,13 Feb 2014 13:22:09,13 Feb 2014 13:22:09,406,0,5,325,38.793106,3078.5156,366,,242,15520,,
http://a2.mzstatic.com/us/r30/Purple6/v4/6c/3b/99/6c3b9914-74c5-8fb2-f1bc-fdac97b29160/icon_100.png,Complete,200,http,GET,image/png,/127.0.0.1,a2.mzstatic.com/23.218.156.8,,13 Feb 2014 13:22:09,13 Feb 2014 13:22:09,13 Feb 2014 13:22:09,13 Feb 2014 13:22:09,228,0,2,165,24.088541,2567.3828,366,,241,5017,,
http://a3.mzstatic.com/us/r30/Purple4/v4/3c/ec/a8/3ceca847-b14a-eb8b-d14c-d473190de770/icon_100.png,Complete,200,http,GET,image/png,/127.0.0.1,a3.mzstatic.com/23.218.156.18,,13 Feb 2014 13:22:09,13 Feb 2014 13:22:09,13 Feb 2014 13:22:09,13 Feb 2014 13:22:09,194,0,22,113,119.669174,1039.0181,366,,242,23165,,
http://a2.mzstatic.com/us/r30/Purple6/v4/ae/de/63/aede6342-0c9b-43e3-0182-d997ce068975/icon_100.png,Complete,200,http,GET,image/png,/127.0.0.1,a2.mzstatic.com/23.218.156.8,,13 Feb 2014 13:22:09,13 Feb 2014 13:22:09,13 Feb 2014 13:22:09,13 Feb 2014 13:22:09,382,0,10,188,29.304544,1083.6914,366,,242,10855,,
http://a3.mzstatic.com/us/r30/Purple4/v4/b3/21/49/b32149cd-a038-219f-c6bc-1573b31fd81c/icon_100.png,Complete,200,http,GET,image/png,/127.0.0.1,a3.mzstatic.com/23.218.156.18,,13 Feb 2014 13:22:09,13 Feb 2014 13:22:09,13 Feb 2014 13:22:09,13 Feb 2014 13:22:09,320,1,14,174,45.22705,1008.231,366,,242,14212,,
http://a2.mzstatic.com/us/r30/Purple4/v4/95/95/46/959546ed-2c97-9bfd-83d0-24a4d7f6ddad/icon_100.png,Complete,200,http,GET,image/png,/127.0.0.1,a2.mzstatic.com/23.218.156.8,,13 Feb 2014 13:22:09,13 Feb 2014 13:22:09,13 Feb 2014 13:22:09,13 Feb 2014 13:22:09,213,0,71,139,92.83762,273.47876,366,,242,19641,,
http://a3.mzstatic.com/us/r30/Purple4/v4/98/83/8e/98838e4d-33ab-e648-9c6d-4f20a30fa7be/icon_100.png,Complete,200,http,GET,image/png,/127.0.0.1,a3.mzstatic.com/23.218.156.18,,13 Feb 2014 13:22:09,13 Feb 2014 13:22:09,13 Feb 2014 13:22:09,13 Feb 2014 13:22:09,270,1,13,188,27.705439,547.9267,366,,241,7053,,
http://a5.mzstatic.com/us/r30/Purple6/v4/55/c7/7b/55c77b22-8c8b-ab6f-f2b2-90c2f2a7f66d/icon_100.png,Complete,200,http,GET,image/png,/127.0.0.1,a5.mzstatic.com/23.218.156.11,,13 Feb 2014 13:22:09,13 Feb 2014 13:22:09,13 Feb 2014 13:22:09,13 Feb 2014 13:22:09,266,1,24,175,19.949776,206.21745,366,,241,4827,,
http://a4.mzstatic.com/us/r30/Purple4/v4/a1/e4/a4/a1e4a42a-7bfb-56da-5d11-6221a1ef07b6/icon_100.png,Complete,200,http,GET,image/png,/127.0.0.1,a4.mzstatic.com/23.218.156.27,,13 Feb 2014 13:22:09,13 Feb 2014 13:22:09,13 Feb 2014 13:22:09,13 Feb 2014 13:22:09,329,0,18,187,88.30025,1594.0756,366,,242,29140,,
http://a2.mzstatic.com/us/r30/Purple4/v4/36/9a/46/369a467b-f8c8-6ab8-3d4f-77ba9a495cee/icon_100.png,Complete,200,http,GET,image/png,/127.0.0.1,a2.mzstatic.com/23.218.156.8,,13 Feb 2014 13:22:09,13 Feb 2014 13:22:09,13 Feb 2014 13:22:09,13 Feb 2014 13:22:09,215,0,90,122,21.943132,48.44835,366,,241,4224,,
http://a3.mzstatic.com/us/r30/Purple/v4/f6/08/df/f608df56-afa6-b31f-185f-3de84015082b/icon_100.png,Complete,200,http,GET,image/png,/127.0.0.1,a3.mzstatic.com/23.218.156.18,,13 Feb 2014 13:22:09,13 Feb 2014 13:22:09,13 Feb 2014 13:22:09,13 Feb 2014 13:22:09,164,0,3,158,55.372284,2908.2031,365,,241,8693,,
http://a3.mzstatic.com/us/r30/Purple/v4/ba/3f/f7/ba3ff781-7448-34ca-a306-41a1841fd71c/icon_100.png,Complete,200,http,GET,image/png,/127.0.0.1,a3.mzstatic.com/23.218.156.18,,13 Feb 2014 13:22:09,13 Feb 2014 13:22:09,13 Feb 2014 13:22:10,13 Feb 2014 13:22:10,250,0,21,169,95.51953,1120.1637,365,,242,23846,,
http://a3.mzstatic.com/us/r30/Purple/v4/57/9c/d5/579cd511-b29d-974e-22ea-931be4cabd1c/icon_100.png,Complete,200,http,GET,image/png,/127.0.0.1,a3.mzstatic.com/23.218.156.18,,13 Feb 2014 13:22:09,13 Feb 2014 13:22:09,13 Feb 2014 13:22:10,13 Feb 2014 13:22:10,249,0,20,169,61.10379,742.9199,365,,242,14973,,
http://a4.mzstatic.com/us/r30/Purple6/v4/af/9e/a4/af9ea4a1-0618-2d95-080d-5618b0b69791/icon_100.png,Complete,200,http,GET,image/png,/127.0.0.1,a4.mzstatic.com/23.218.156.27,,13 Feb 2014 13:22:09,13 Feb 2014 13:22:09,13 Feb 2014 13:22:09,13 Feb 2014 13:22:09,165,1,2,104,61.061787,4858.8867,366,,241,9710,,
http://a1.mzstatic.com/us/r30/Purple6/v4/db/48/60/db4860a7-ba57-d310-7b19-03d16d0e5f42/icon_100.png,Complete,200,http,GET,image/png,/127.0.0.1,a1.mzstatic.com/23.218.156.19,,13 Feb 2014 13:22:09,13 Feb 2014 13:22:09,13 Feb 2014 13:22:10,13 Feb 2014 13:22:10,301,0,26,215,40.08124,450.27042,366,,242,11746,,
http://a5.mzstatic.com/us/r30/Purple4/v4/41/59/64/415964eb-0f34-02f4-fad5-f05a639eadd1/icon_100.png,Complete,200,http,GET,image/png,/127.0.0.1,a5.mzstatic.com/23.218.156.11,,13 Feb 2014 13:22:09,13 Feb 2014 13:22:09,13 Feb 2014 13:22:10,13 Feb 2014 13:22:10,245,1,22,166,36.140785,386.23047,366,,241,8460,,
http://a1.mzstatic.com/us/r30/Purple4/v4/f7/4f/44/f74f445c-1679-2d32-1f88-845e90c6a9d9/icon_100.png,Complete,200,http,GET,image/png,/127.0.0.1,a1.mzstatic.com/23.218.156.19,,13 Feb 2014 13:22:09,13 Feb 2014 13:22:10,13 Feb 2014 13:22:10,13 Feb 2014 13:22:10,409,0,9,325,22.408407,978.62415,366,,241,8778,,
http://a4.mzstatic.com/us/r30/Purple6/v4/36/43/7a/36437aef-6dc1-f667-c424-c3fdf2ce115a/icon_100.png,Complete,200,http,GET,image/png,/127.0.0.1,a4.mzstatic.com/23.218.156.27,,13 Feb 2014 13:22:09,13 Feb 2014 13:22:09,13 Feb 2014 13:22:10,13 Feb 2014 13:22:10,207,0,4,200,66.02883,3327.6365,366,,242,13388,,
http://a4.mzstatic.com/us/r30/Purple/v4/d7/4c/45/d74c45eb-292b-c259-4d3f-d514a5d0b234/icon_100.png,Complete,200,http,GET,image/png,/127.0.0.1,a4.mzstatic.com/23.218.156.27,,13 Feb 2014 13:22:10,13 Feb 2014 13:22:10,13 Feb 2014 13:22:10,13 Feb 2014 13:22:10,311,0,20,210,63.030674,962.3047,365,,242,19466,,
http://a4.mzstatic.com/us/r30/Purple4/v4/d0/8c/8f/d08c8f99-928d-1e6a-842f-312801cd687c/icon_100.png,Complete,200,http,GET,image/png,/127.0.0.1,a4.mzstatic.com/23.218.156.27,,13 Feb 2014 13:22:10,13 Feb 2014 13:22:10,13 Feb 2014 13:22:10,13 Feb 2014 13:22:10,362,0,13,268,26.839283,719.8768,366,,241,9342,,
http://a1.mzstatic.com/us/r30/Purple4/v4/23/de/c0/23dec0cb-e74c-79d1-c265-158c0b7b2e84/icon_100.png,Complete,200,http,GET,image/png,/127.0.0.1,a1.mzstatic.com/23.218.156.19,,13 Feb 2014 13:22:10,13 Feb 2014 13:22:10,13 Feb 2014 13:22:10,13 Feb 2014 13:22:10,291,0,23,201,64.92966,805.9613,366,,242,18740,,
http://a1.mzstatic.com/us/r30/Purple/v4/ea/67/fd/ea67fdba-6dde-3e4d-7371-e35990355202/icon_100.png,Complete,200,http,GET,image/png,/127.0.0.1,a1.mzstatic.com/23.218.156.19,,13 Feb 2014 13:22:10,13 Feb 2014 13:22:10,13 Feb 2014 13:22:10,13 Feb 2014 13:22:10,284,0,1,227,27.618837,7487.304,365,,241,7426,,
http://a5.mzstatic.com/us/r30/Purple6/v4/46/07/2b/46072be5-9b22-37b8-d74a-da29fa3701b2/icon_100.png,Complete,200,http,GET,image/png,/127.0.0.1,a5.mzstatic.com/23.218.156.11,,13 Feb 2014 13:22:10,13 Feb 2014 13:22:10,13 Feb 2014 13:22:10,13 Feb 2014 13:22:10,259,0,19,176,76.80532,1028.1661,366,,242,19762,,
http://a1.mzstatic.com/us/r30/Purple6/v4/e2/e7/3e/e2e73ed4-8fc5-957d-0a94-0678cdc355f8/icon_100.png,Complete,200,http,GET,image/png,/127.0.0.1,a1.mzstatic.com/23.218.156.19,,13 Feb 2014 13:22:10,13 Feb 2014 13:22:10,13 Feb 2014 13:22:10,13 Feb 2014 13:22:10,293,0,9,228,48.304844,1532.8777,366,,242,13885,,
http://a4.mzstatic.com/us/r30/Purple4/v4/88/48/1d/88481d8b-52ee-e208-61de-443cd9f8a595/icon_100.png,Complete,200,http,GET,image/png,/127.0.0.1,a4.mzstatic.com/23.218.156.27,,13 Feb 2014 13:22:10,13 Feb 2014 13:22:10,13 Feb 2014 13:22:10,13 Feb 2014 13:22:10,202,0,3,144,75.83346,4986.979,366,,242,15078,,
http://a1.mzstatic.com/us/r30/Purple4/v4/f3/09/0c/f3090c34-a317-32cc-8086-a9285726112d/icon_100.png,Complete,200,http,GET,image/png,/127.0.0.1,a1.mzstatic.com/23.218.156.19,,13 Feb 2014 13:22:10,13 Feb 2014 13:22:10,13 Feb 2014 13:22:10,13 Feb 2014 13:22:10,310,0,2,253,31.205896,4658.203,366,,241,9299,,
http://a5.mzstatic.com/us/r30/Purple4/v4/40/98/9c/40989c3f-9123-7d80-a2bf-c86ca2f1074e/icon_100.png,Complete,200,http,GET,image/png,/127.0.0.1,a5.mzstatic.com/23.218.156.11,,13 Feb 2014 13:22:10,13 Feb 2014 13:22:10,13 Feb 2014 13:22:10,13 Feb 2014 13:22:10,284,1,2,198,32.00305,4365.7227,366,,241,8700,,
http://a5.mzstatic.com/us/r30/Purple6/v4/30/53/c5/3053c59e-8d76-3400-1909-7e566af3dab7/icon_100.png,Complete,200,http,GET,image/png,/127.0.0.1,a5.mzstatic.com/23.218.156.11,,13 Feb 2014 13:22:10,13 Feb 2014 13:22:10,13 Feb 2014 13:22:10,13 Feb 2014 13:22:10,234,0,1,229,23.053553,5037.1094,366,,241,4917,,
http://a2.mzstatic.com/us/r30/Purple/v4/82/12/53/82125329-8df4-bba7-9b0a-24c7407755af/icon_100.png,Complete,200,http,GET,image/png,/127.0.0.1,a2.mzstatic.com/23.218.156.8,,13 Feb 2014 13:22:10,13 Feb 2014 13:22:10,13 Feb 2014 13:22:10,13 Feb 2014 13:22:10,293,0,1,229,19.111294,5243.1636,365,,241,5128,,
http://a5.mzstatic.com/us/r30/Purple4/v4/21/70/51/21705115-eff9-5285-f9a8-ea7eb7a19e5d/icon_100.png,Complete,200,http,GET,image/png,/127.0.0.1,a5.mzstatic.com/23.218.156.11,,13 Feb 2014 13:22:10,13 Feb 2014 13:22:10,13 Feb 2014 13:22:10,13 Feb 2014 13:22:10,220,0,2,162,26.376066,2722.656,366,,241,5335,,
http://a2.mzstatic.com/us/r30/Purple6/v4/e9/3e/24/e93e243f-a7b0-65db-53cd-17a84a1b53b2/icon_100.png,Complete,200,http,GET,image/png,/127.0.0.1,a2.mzstatic.com/23.218.156.8,,13 Feb 2014 13:22:10,13 Feb 2014 13:22:10,13 Feb 2014 13:22:10,13 Feb 2014 13:22:11,378,0,17,297,32.596004,703.75684,366,,242,12009,,
http://a3.mzstatic.com/us/r30/Purple4/v4/69/2a/b0/692ab093-5cb9-86a3-0863-3203d6de1e5e/icon_100.png,Complete,200,http,GET,image/png,/127.0.0.1,a3.mzstatic.com/23.218.156.18,,13 Feb 2014 13:22:10,13 Feb 2014 13:22:10,13 Feb 2014 13:22:11,13 Feb 2014 13:22:11,346,0,2,289,16.319319,2644.531,366,,241,5175,,
http://a2.mzstatic.com/us/r30/Purple6/v4/d4/47/57/d4475764-039c-7da0-e1ec-0be3e4d7aa60/icon_100.png,Complete,200,http,GET,image/png,/127.0.0.1,a2.mzstatic.com/23.218.156.8,,13 Feb 2014 13:22:10,13 Feb 2014 13:22:10,13 Feb 2014 13:22:11,13 Feb 2014 13:22:11,376,0,7,310,44.163483,2321.1494,366,,242,16396,,
http://a2.mzstatic.com/us/r30/Purple2/v4/08/f8/0d/08f80dd1-7820-d44a-e686-c61bfc929f1a/icon_100.png,Complete,200,http,GET,image/png,/127.0.0.1,a2.mzstatic.com/23.218.156.8,,13 Feb 2014 13:22:10,13 Feb 2014 13:22:10,13 Feb 2014 13:22:11,13 Feb 2014 13:22:11,412,0,17,337,44.95506,1068.4742,366,,242,18358,,
http://a3.mzstatic.com/us/r30/Purple6/v4/ff/77/c4/ff77c493-66cf-a40f-fff7-ffef70f3f095/icon_100.png,Complete,200,http,GET,image/png,/127.0.0.1,a3.mzstatic.com/23.218.156.18,,13 Feb 2014 13:22:10,13 Feb 2014 13:22:10,13 Feb 2014 13:22:11,13 Feb 2014 13:22:11,506,0,1,448,11.776649,5601.562,366,,241,5495,,
http://a2.mzstatic.com/us/r30/Purple/v4/75/f3/16/75f31664-9bac-a709-151b-6e52275b8673/icon_100.png,Complete,200,http,GET,image/png,/127.0.0.1,a2.mzstatic.com/23.218.156.8,,13 Feb 2014 13:22:10,13 Feb 2014 13:22:10,13 Feb 2014 13:22:11,13 Feb 2014 13:22:11,510,0,9,445,48.05262,2683.377,365,,242,24488,,
http://a5.mzstatic.com/us/r30/Purple/v4/2e/36/75/2e3675df-7777-f5c6-561a-465d53b53787/icon_100.png,Complete,200,http,GET,image/png,/127.0.0.1,a5.mzstatic.com/23.218.156.11,,13 Feb 2014 13:22:11,13 Feb 2014 13:22:11,13 Feb 2014 13:22:11,13 Feb 2014 13:22:11,281,0,33,184,66.71555,557.2917,365,,242,18590,,
http://a3.mzstatic.com/us/r30/Purple/v4/58/fd/90/58fd90d6-cece-38f4-f74c-827733520b6d/icon_100.png,Complete,200,http,GET,image/png,/127.0.0.1,a3.mzstatic.com/23.218.156.18,,13 Feb 2014 13:22:11,13 Feb 2014 13:22:11,13 Feb 2014 13:22:11,13 Feb 2014 13:22:11,310,1,10,296,72.27508,2204.8828,365,,242,22336,,
http://a4.mzstatic.com/us/r30/Purple6/v4/07/83/b2/0783b2e9-0927-cee5-1d73-ec7e9b007a83/icon_100.png,Complete,200,http,GET,image/png,/127.0.0.1,a4.mzstatic.com/23.218.156.27,,13 Feb 2014 13:22:11,13 Feb 2014 13:22:11,13 Feb 2014 13:22:11,13 Feb 2014 13:22:11,295,0,23,216,76.94651,971.38245,366,,242,22636,,
http://a2.mzstatic.com/us/r30/Purple/v4/ce/9d/69/ce9d69c7-68d7-4ae1-dae1-3b1cd4bf2f72/icon_100.png,Complete,200,http,GET,image/png,/127.0.0.1,a2.mzstatic.com/23.218.156.8,,13 Feb 2014 13:22:11,13 Feb 2014 13:22:11,13 Feb 2014 13:22:11,13 Feb 2014 13:22:11,236,0,1,232,87.69614,20339.844,365,,242,20586,,
http://a3.mzstatic.com/us/r30/Purple4/v4/98/17/09/981709e1-f09a-57d5-edef-2a67cadabffa/icon_100.png,Complete,200,http,GET,image/png,/127.0.0.1,a3.mzstatic.com/23.218.156.18,,13 Feb 2014 13:22:11,13 Feb 2014 13:22:11,13 Feb 2014 13:22:11,13 Feb 2014 13:22:11,133,0,5,125,61.038826,1552.1484,366,,241,7706,,
http://a4.mzstatic.com/us/r30/Purple4/v4/92/00/ab/9200ab6f-af63-b648-765d-e2cecec4ba29/icon_100.png,Complete,200,http,GET,image/png,/127.0.0.1,a4.mzstatic.com/23.218.156.27,,13 Feb 2014 13:22:11,13 Feb 2014 13:22:11,13 Feb 2014 13:22:11,13 Feb 2014 13:22:11,151,0,5,75,50.83946,1463.8672,366,,241,7254,,
http://a3.mzstatic.com/us/r30/Purple4/v4/33/05/71/33057156-f466-65f5-5843-e8f423053b50/icon_100.png,Complete,200,http,GET,image/png,/127.0.0.1,a3.mzstatic.com/23.218.156.18,,13 Feb 2014 13:22:11,13 Feb 2014 13:22:11,13 Feb 2014 13:22:11,13 Feb 2014 13:22:11,212,0,29,104,24.358786,165.74623,366,,241,4681,,
http://a3.mzstatic.com/us/r30/Purple6/v4/7a/a5/4b/7aa54b81-ebb0-ecdf-8a83-9058c3672aa6/icon_100.png,Complete,200,http,GET,image/png,/127.0.0.1,a3.mzstatic.com/23.218.156.18,,13 Feb 2014 13:22:11,13 Feb 2014 13:22:11,13 Feb 2014 13:22:11,13 Feb 2014 13:22:11,96,0,6,88,135.97615,2116.048,366,,242,12759,,
http://a5.mzstatic.com/us/r30/Purple/v4/0d/78/8b/0d788b87-a18c-ccee-d765-dd071c1b5aed/icon_100.png,Complete,200,http,GET,image/png,/127.0.0.1,a5.mzstatic.com/23.218.156.11,,13 Feb 2014 13:22:11,13 Feb 2014 13:22:11,13 Feb 2014 13:22:11,13 Feb 2014 13:22:11,244,0,1,187,15.653016,3462.8904,365,,240,3306,,
http://a4.mzstatic.com/us/r30/Purple/v4/3d/22/7a/3d227a07-3608-91b2-d1f9-3a3586a8b81e/icon_100.png,Complete,200,http,GET,image/png,/127.0.0.1,a4.mzstatic.com/23.218.156.27,,13 Feb 2014 13:22:11,13 Feb 2014 13:22:11,13 Feb 2014 13:22:11,13 Feb 2014 13:22:11,321,0,3,254,31.907125,3295.2473,365,,241,9882,,
http://a1.mzstatic.com/us/r30/Purple6/v4/b3/ff/00/b3ff0021-a01a-48d2-2fe5-dc54bb46f7f1/icon_100.png,Complete,200,http,GET,image/png,/127.0.0.1,a1.mzstatic.com/23.218.156.19,,13 Feb 2014 13:22:11,13 Feb 2014 13:22:11,13 Feb 2014 13:22:11,13 Feb 2014 13:22:11,304,1,14,225,60.395897,1285.9235,366,,242,18193,,
http://a4.mzstatic.com/us/r30/Purple/v4/25/fe/2a/25fe2a17-16d5-6726-59cd-b20df278992e/icon_100.png,Complete,200,http,GET,image/png,/127.0.0.1,a4.mzstatic.com/23.218.156.27,,13 Feb 2014 13:22:11,13 Feb 2014 13:22:11,13 Feb 2014 13:22:11,13 Feb 2014 13:22:11,274,0,6,212,36.742275,1618.4896,365,,241,9703,,
http://a1.mzstatic.com/us/r30/Purple6/v4/f7/57/47/f7574717-b2da-5134-4712-20eabde88c7a/icon_100.png,Complete,200,http,GET,image/png,/127.0.0.1,a1.mzstatic.com/23.218.156.19,,13 Feb 2014 13:22:11,13 Feb 2014 13:22:11,13 Feb 2014 13:22:11,13 Feb 2014 13:22:11,261,1,27,176,76.80421,729.2028,366,,242,19919,,
http://a4.mzstatic.com/us/r30/Purple4/v4/fd/83/c4/fd83c43f-2a3b-ded0-0908-228f2d322d7f/icon_100.png,Complete,200,http,GET,image/png,/127.0.0.1,a4.mzstatic.com/23.218.156.27,,13 Feb 2014 13:22:11,13 Feb 2014 13:22:11,13 Feb 2014 13:22:11,13 Feb 2014 13:22:11,295,1,5,227,29.181013,1650.1953,366,,241,8208,,
http://a1.mzstatic.com/us/r30/Purple/v4/2e/cc/26/2ecc26cf-a0f4-b123-94d5-e5e53c9978c6/icon_100.png,Complete,200,http,GET,image/png,/127.0.0.1,a1.mzstatic.com/23.218.156.19,,13 Feb 2014 13:22:11,13 Feb 2014 13:22:11,13 Feb 2014 13:22:11,13 Feb 2014 13:22:11,263,1,1,166,17.838045,4334.961,365,,241,4198,,
http://a5.mzstatic.com/us/r30/Purple/v4/54/b0/ef/54b0ef0d-ea29-271b-e3f3-3cf27fec3787/icon_100.png,Complete,200,http,GET,image/png,/127.0.0.1,a5.mzstatic.com/23.218.156.11,,13 Feb 2014 13:22:11,13 Feb 2014 13:22:11,13 Feb 2014 13:22:11,13 Feb 2014 13:22:11,219,0,27,94,20.877926,156.1415,365,,240,4077,,
http://a1.mzstatic.com/us/r30/Purple/v4/5d/f0/c9/5df0c964-f384-fe66-04aa-81dc6048c6f4/icon_100.png,Complete,200,http,GET,image/png,/127.0.0.1,a1.mzstatic.com/23.218.156.19,,13 Feb 2014 13:22:11,13 Feb 2014 13:22:11,13 Feb 2014 13:22:11,13 Feb 2014 13:22:11,213,0,27,182,134.85274,1050.6366,365,,242,28806,,
http://a4.mzstatic.com/us/r30/Purple/v4/6a/e3/d2/6ae3d28b-6d43-13f6-5d73-0331279bd8d4/icon_100.png,Complete,200,http,GET,image/png,/127.0.0.1,a4.mzstatic.com/23.218.156.27,,13 Feb 2014 13:22:11,13 Feb 2014 13:22:11,13 Feb 2014 13:22:11,13 Feb 2014 13:22:11,149,0,21,126,61.25472,417.64325,365,,241,8740,,
http://a1.mzstatic.com/us/r30/Purple6/v4/00/3f/06/003f068c-e0c7-791e-eb32-7fb5a1405fe8/icon_100.png,Complete,200,http,GET,image/png,/127.0.0.1,a1.mzstatic.com/23.218.156.19,,13 Feb 2014 13:22:11,13 Feb 2014 13:22:11,13 Feb 2014 13:22:12,13 Feb 2014 13:22:12,322,1,16,224,37.106342,724.4262,366,,242,11627,,
http://a5.mzstatic.com/us/r30/Purple/v4/f9/0e/2f/f90e2fe9-e965-a313-f313-ef3ae13b0e3c/icon_100.png,Complete,200,http,GET,image/png,/127.0.0.1,a5.mzstatic.com/23.218.156.11,,13 Feb 2014 13:22:11,13 Feb 2014 13:22:11,13 Feb 2014 13:22:12,13 Feb 2014 13:22:12,248,0,2,191,65.52813,7947.265,365,,242,16034,,
http://a5.mzstatic.com/us/r30/Purple6/v4/8e/c9/d9/8ec9d92e-69af-c6ee-ea76-5233bb01eb12/icon_100.png,Complete,200,http,GET,image/png,/127.0.0.1,a5.mzstatic.com/23.218.156.11,,13 Feb 2014 13:22:11,13 Feb 2014 13:22:11,13 Feb 2014 13:22:12,13 Feb 2014 13:22:12,321,0,44,211,76.93852,553.1783,366,,242,24682,,
http://a1.mzstatic.com/us/r30/Purple6/v4/80/f4/49/80f449be-5bc9-4b04-feb5-6de2e9b147b1/icon_100.png,Complete,200,http,GET,image/png,/127.0.0.1,a1.mzstatic.com/23.218.156.19,,13 Feb 2014 13:22:11,13 Feb 2014 13:22:11,13 Feb 2014 13:22:12,13 Feb 2014 13:22:12,207,0,1,203,41.954445,8327.148,366,,241,8286,,
http://a2.mzstatic.com/us/r30/Purple4/v4/fe/15/49/fe15498f-181a-8fe6-1624-008b6bf24fb1/icon_100.png,Complete,200,http,GET,image/png,/127.0.0.1,a2.mzstatic.com/23.218.156.8,,13 Feb 2014 13:22:11,13 Feb 2014 13:22:11,13 Feb 2014 13:22:12,13 Feb 2014 13:22:12,225,0,1,163,45.859375,9960.9375,366,,241,9959,,
http://a5.mzstatic.com/us/r30/Purple4/v4/82/47/cb/8247cb40-96ab-74df-8add-e8daaa16fa96/icon_100.png,Complete,200,http,GET,image/png,/127.0.0.1,a5.mzstatic.com/23.218.156.11,,13 Feb 2014 13:22:11,13 Feb 2014 13:22:11,13 Feb 2014 13:22:12,13 Feb 2014 13:22:12,231,0,3,174,57.672146,4321.6147,366,,242,13034,,
http://a2.mzstatic.com/us/r30/Purple/v4/bc/01/6b/bc016bbb-d17d-6012-31f3-fd87fda63e80/icon_100.png,Complete,200,http,GET,image/png,/127.0.0.1,a2.mzstatic.com/23.218.156.8,,13 Feb 2014 13:22:12,13 Feb 2014 13:22:12,13 Feb 2014 13:22:12,13 Feb 2014 13:22:12,308,0,1,239,39.417614,11784.179,365,,242,11825,,
http://a3.mzstatic.com/us/r30/Purple/v4/6c/a2/09/6ca20911-b1ef-afa6-2f60-69758aac994b/icon_100.png,Complete,200,http,GET,image/png,/127.0.0.1,a3.mzstatic.com/23.218.156.18,,13 Feb 2014 13:22:12,13 Feb 2014 13:22:12,13 Feb 2014 13:22:12,13 Feb 2014 13:22:12,264,0,23,181,60.4359,678.2014,365,,242,15731,,
http://a2.mzstatic.com/us/r30/Purple/v4/67/67/44/67674406-b6aa-c7bb-8d11-9271425fe24e/icon_100.png,Complete,200,http,GET,image/png,/127.0.0.1,a2.mzstatic.com/23.218.156.8,,13 Feb 2014 13:22:12,13 Feb 2014 13:22:12,13 Feb 2014 13:22:12,13 Feb 2014 13:22:12,244,0,5,176,50.445057,2390.4297,365,,242,11997,,
http://a2.mzstatic.com/us/r30/Purple4/v4/e7/fe/c0/e7fec08c-661a-eeaf-c985-4ad0329f6206/icon_100.png,Complete,200,http,GET,image/png,/127.0.0.1,a2.mzstatic.com/23.218.156.8,,13 Feb 2014 13:22:12,13 Feb 2014 13:22:12,13 Feb 2014 13:22:12,13 Feb 2014 13:22:12,206,0,1,201,49.297443,9797.852,366,,241,9792,,
http://a3.mzstatic.com/us/r30/Purple4/v4/6d/47/10/6d47107d-2f84-6f20-441f-901d9750e93e/icon_100.png,Complete,200,http,GET,image/png,/127.0.0.1,a3.mzstatic.com/23.218.156.18,,13 Feb 2014 13:22:12,13 Feb 2014 13:22:12,13 Feb 2014 13:22:12,13 Feb 2014 13:22:12,210,0,3,89,85.63523,5875.3257,366,,242,17807,,
http://a2.mzstatic.com/us/r30/Purple/v4/30/b5/0e/30b50e6e-37d1-fa9d-c7de-0b98e6e28603/icon_100.png,Complete,200,http,GET,image/png,/127.0.0.1,a2.mzstatic.com/23.218.156.8,,13 Feb 2014 13:22:12,13 Feb 2014 13:22:12,13 Feb 2014 13:22:12,13 Feb 2014 13:22:12,224,0,29,107,100.50746,764.0423,365,,242,22447,,
http://a5.mzstatic.com/us/r30/Purple6/v4/f6/d2/fa/f6d2faee-6819-a099-52c1-b6514b0f8335/icon_100.png,Complete,200,http,GET,image/png,/127.0.0.1,a5.mzstatic.com/23.218.156.11,,13 Feb 2014 13:22:12,13 Feb 2014 13:22:12,13 Feb 2014 13:22:12,13 Feb 2014 13:22:12,256,0,4,159,43.84994,2717.0408,366,,242,10887,,
http://a3.mzstatic.com/us/r30/Purple/v4/82/b3/bd/82b3bd4a-35de-4bea-94bb-40fc09fcbb76/icon_100.png,Complete,200,http,GET,image/png,/127.0.0.1,a3.mzstatic.com/23.218.156.18,,13 Feb 2014 13:22:12,13 Feb 2014 13:22:12,13 Feb 2014 13:22:12,13 Feb 2014 13:22:12,248,1,8,237,15.258789,428.46677,365,,240,3270,,
http://a2.mzstatic.com/us/r30/Purple4/v4/c4/f6/bc/c4f6bcdc-98e1-8c0f-65c5-be725440a2f5/icon_100.png,Complete,200,http,GET,image/png,/127.0.0.1,a2.mzstatic.com/23.218.156.8,,13 Feb 2014 13:22:12,13 Feb 2014 13:22:12,13 Feb 2014 13:22:12,13 Feb 2014 13:22:12,234,0,9,221,23.237179,564.4531,366,,241,4961,,
http://a4.mzstatic.com/us/r30/Purple4/v4/5a/12/14/5a121421-28ab-08e3-bd01-a6c5d2274bb9/icon_100.png,Complete,200,http,GET,image/png,/127.0.0.1,a4.mzstatic.com/23.218.156.27,,13 Feb 2014 13:22:12,13 Feb 2014 13:22:12,13 Feb 2014 13:22:12,13 Feb 2014 13:22:12,220,0,2,144,36.465733,3832.5193,366,,241,7608,,
http://a3.mzstatic.com/us/r30/Purple6/v4/b0/ee/ce/b0eeceb6-eb75-da40-2da2-3f8c2f3f7560/icon_100.png,Complete,200,http,GET,image/png,/127.0.0.1,a3.mzstatic.com/23.218.156.18,,13 Feb 2014 13:22:12,13 Feb 2014 13:22:12,13 Feb 2014 13:22:12,13 Feb 2014 13:22:12,203,0,2,198,80.47741,7989.7456,366,,242,16121,,
http://a3.mzstatic.com/us/r30/Purple6/v4/4c/79/0d/4c790d40-63ac-3174-da9e-5fcf1c4d3be2/icon_100.png,Complete,200,http,GET,image/png,/127.0.0.1,a3.mzstatic.com/23.218.156.18,,13 Feb 2014 13:22:12,13 Feb 2014 13:22:12,13 Feb 2014 13:22:13,13 Feb 2014 13:22:13,653,0,1,593,7.4326425,4496.0938,366,,241,4363,,
http://a4.mzstatic.com/us/r30/Purple4/v4/10/c6/4e/10c64e71-f279-37cf-58dd-d67ef8c03903/icon_100.png,Complete,200,http,GET,image/png,/127.0.0.1,a4.mzstatic.com/23.218.156.27,,13 Feb 2014 13:22:12,13 Feb 2014 13:22:12,13 Feb 2014 13:22:13,13 Feb 2014 13:22:13,458,0,1,137,16.915,7389.648,366,,241,7326,,
http://a3.mzstatic.com/us/r30/Purple4/v4/1d/fa/aa/1dfaaa4d-7dc1-8e26-027d-053d43bab38d/icon_100.png,Complete,200,http,GET,image/png,/127.0.0.1,a3.mzstatic.com/23.218.156.18,,13 Feb 2014 13:22:12,13 Feb 2014 13:22:12,13 Feb 2014 13:22:12,13 Feb 2014 13:22:12,419,0,6,94,17.347385,1151.8555,366,,241,6836,,
http://a5.mzstatic.com/us/r30/Purple6/v4/e9/7a/e0/e97ae040-f519-2df2-422a-f303e4e07b38/icon_100.png,Complete,200,http,GET,image/png,/127.0.0.1,a5.mzstatic.com/23.218.156.11,,13 Feb 2014 13:22:12,13 Feb 2014 13:22:12,13 Feb 2014 13:22:13,13 Feb 2014 13:22:13,469,0,8,153,13.738505,760.7421,366,,241,5991,,
http://a1.mzstatic.com/us/r30/Purple6/v4/e7/ed/6d/e7ed6d14-c395-c9c2-9dbe-fb07853d9f30/icon_100.png,Complete,200,http,GET,image/png,/127.0.0.1,a1.mzstatic.com/23.218.156.19,,13 Feb 2014 13:22:12,13 Feb 2014 13:22:12,13 Feb 2014 13:22:12,13 Feb 2014 13:22:12,395,0,5,84,53.579903,4161.328,366,,242,21064,,
http://a1.mzstatic.com/us/r30/Purple6/v4/b2/9a/b4/b29ab46c-b757-b6dd-c0d5-a06fa9032a6f/icon_100.png,Complete,200,http,GET,image/png,/127.0.0.1,a1.mzstatic.com/23.218.156.19,,13 Feb 2014 13:22:12,13 Feb 2014 13:22:12,13 Feb 2014 13:22:13,13 Feb 2014 13:22:13,499,0,1,193,45.822113,22507.81,366,,242,22806,,
http://a4.mzstatic.com/us/r30/Purple4/v4/3b/e5/2c/3be52cd1-f581-8463-365d-8ee1a97bb5ae/icon_100.png,Complete,200,http,GET,image/png,/127.0.0.1,a4.mzstatic.com/23.218.156.27,,13 Feb 2014 13:22:12,13 Feb 2014 13:22:13,13 Feb 2014 13:22:13,13 Feb 2014 13:22:13,288,0,0,231,21.643745,Infinity,366,,241,5776,,
http://a4.mzstatic.com/us/r30/Purple4/v4/65/e4/08/65e40892-e83e-a6bc-f18f-dde4025e825d/icon_100.png,Complete,200,http,GET,image/png,/127.0.0.1,a4.mzstatic.com/23.218.156.27,,13 Feb 2014 13:22:12,13 Feb 2014 13:22:13,13 Feb 2014 13:22:13,13 Feb 2014 13:22:13,258,3,2,197,52.670033,6615.722,366,,242,13307,,
http://a4.mzstatic.com/us/r30/Purple/v4/3e/e4/47/3ee44742-0126-13a9-9e5c-32890cdd4778/icon_100.png,Complete,200,http,GET,image/png,/127.0.0.1,a4.mzstatic.com/23.218.156.27,,13 Feb 2014 13:22:13,13 Feb 2014 13:22:13,13 Feb 2014 13:22:13,13 Feb 2014 13:22:13,228,0,23,202,41.315445,394.0642,365,,241,9040,,
http://a1.mzstatic.com/us/r30/Purple4/v4/66/90/46/6690462e-7416-b85e-69f4-a4ae4b2596a4/icon_100.png,Complete,200,http,GET,image/png,/127.0.0.1,a1.mzstatic.com/23.218.156.19,,13 Feb 2014 13:22:13,13 Feb 2014 13:22:13,13 Feb 2014 13:22:13,13 Feb 2014 13:22:13,256,0,1,160,38.154602,9410.156,366,,241,9395,,
http://a4.mzstatic.com/us/r30/Purple4/v4/56/a2/d4/56a2d484-dc8f-1755-7fa6-5eb5075178c6/icon_100.png,Complete,200,http,GET,image/png,/127.0.0.1,a4.mzstatic.com/23.218.156.27,,13 Feb 2014 13:22:13,13 Feb 2014 13:22:13,13 Feb 2014 13:22:13,13 Feb 2014 13:22:13,236,0,3,149,66.215904,5089.8438,366,,242,15394,,
http://a1.mzstatic.com/us/r30/Purple6/v4/32/64/2c/32642cba-d3ba-d54c-66a2-83ff5d6630e3/icon_100.png,Complete,200,http,GET,image/png,/127.0.0.1,a1.mzstatic.com/23.218.156.19,,13 Feb 2014 13:22:13,13 Feb 2014 13:22:13,13 Feb 2014 13:22:13,13 Feb 2014 13:22:13,190,0,1,181,49.187912,8988.281,366,,241,8963,,
http://a5.mzstatic.com/us/r30/Purple6/v4/66/5d/c8/665dc82f-00f6-e84b-ba51-cdb1d1ed660b/icon_100.png,Complete,200,http,GET,image/png,/127.0.0.1,a5.mzstatic.com/23.218.156.11,,13 Feb 2014 13:22:13,13 Feb 2014 13:22:13,13 Feb 2014 13:22:13,13 Feb 2014 13:22:13,171,0,1,113,21.741365,3360.3513,366,,240,3201,,
http://a5.mzstatic.com/us/r30/Purple/v4/1e/b0/11/1eb011c0-de96-3348-a586-c2fe3b78fa15/icon_100.png,Complete,200,http,GET,image/png,/127.0.0.1,a5.mzstatic.com/23.218.156.11,,13 Feb 2014 13:22:13,13 Feb 2014 13:22:13,13 Feb 2014 13:22:13,13 Feb 2014 13:22:13,226,0,1,148,19.055933,3950.195,365,,240,3805,,
http://a1.mzstatic.com/us/r30/Purple/v4/86/63/02/86630214-283c-49ab-92c2-7922bb4b5473/icon_100.png,Complete,200,http,GET,image/png,/127.0.0.1,a1.mzstatic.com/23.218.156.19,,13 Feb 2014 13:22:13,13 Feb 2014 13:22:13,13 Feb 2014 13:22:13,13 Feb 2014 13:22:13,214,1,10,137,32.997772,670.5078,365,,241,6625,,
http://a1.mzstatic.com/us/r30/Purple4/v4/31/a4/ce/31a4cef0-d929-4734-4b8d-c9b311fa9a5f/icon_100.png,Complete,200,http,GET,image/png,/127.0.0.1,a1.mzstatic.com/23.218.156.19,,13 Feb 2014 13:22:13,13 Feb 2014 13:22:13,13 Feb 2014 13:22:13,13 Feb 2014 13:22:13,134,0,29,102,77.96467,347.92566,366,,242,10090,,
http://a2.mzstatic.com/us/r30/Purple/v4/6f/19/c0/6f19c054-4265-faaa-6437-db991ac1e11d/icon_100.png,Complete,200,http,GET,image/png,/127.0.0.1,a2.mzstatic.com/23.218.156.8,,13 Feb 2014 13:22:13,13 Feb 2014 13:22:13,13 Feb 2014 13:22:13,13 Feb 2014 13:22:13,286,0,41,179,58.907887,402.22464,365,,242,16645,,
http://a5.mzstatic.com/us/r30/Purple6/v4/94/eb/8a/94eb8a66-7ee6-47ec-74b8-a34cc164402f/icon_100.png,Complete,200,http,GET,image/png,/127.0.0.1,a5.mzstatic.com/23.218.156.11,,13 Feb 2014 13:22:13,13 Feb 2014 13:22:13,13 Feb 2014 13:22:13,13 Feb 2014 13:22:13,247,0,1,184,32.621933,7700.195,366,,241,7644,,
http://a5.mzstatic.com/us/r30/Purple4/v4/a8/99/30/a8993085-e830-f699-9660-9b7eb9898436/icon_100.png,Complete,200,http,GET,image/png,/127.0.0.1,a5.mzstatic.com/23.218.156.11,,13 Feb 2014 13:22:13,13 Feb 2014 13:22:13,13 Feb 2014 13:22:13,13 Feb 2014 13:22:13,266,0,30,158,17.8498,146.35417,366,,241,4255,,
http://a3.mzstatic.com/us/r30/Purple4/v4/90/28/7b/90287b20-aade-bdf4-749a-b8de6082143b/icon_100.png,Complete,200,http,GET,image/png,/127.0.0.1,a3.mzstatic.com/23.218.156.18,,13 Feb 2014 13:22:13,13 Feb 2014 13:22:13,13 Feb 2014 13:22:13,13 Feb 2014 13:22:13,260,0,35,153,82.12891,599.88837,366,,242,21258,,
http://a2.mzstatic.com/us/r30/Purple/v4/af/af/80/afaf803b-eeaa-fdb0-2647-ede43b545bb0/icon_100.png,Complete,200,http,GET,image/png,/127.0.0.1,a2.mzstatic.com/23.218.156.8,,13 Feb 2014 13:22:13,13 Feb 2014 13:22:13,13 Feb 2014 13:22:13,13 Feb 2014 13:22:13,227,0,5,159,82.40983,3670.1172,365,,242,18549,,
http://a2.mzstatic.com/us/r30/Purple2/v4/f0/fe/2a/f0fe2a4d-7577-253b-13ed-a67d9d50a612/icon_100.png,Complete,200,http,GET,image/png,/127.0.0.1,a2.mzstatic.com/23.218.156.8,,13 Feb 2014 13:22:13,13 Feb 2014 13:22:13,13 Feb 2014 13:22:13,13 Feb 2014 13:22:13,217,0,3,152,84.11038,5964.8438,366,,242,18082,,
http://a2.mzstatic.com/us/r30/Purple4/v4/4d/39/2b/4d392b7c-d07d-361a-85e5-7cf528c15db9/icon_100.png,Complete,200,http,GET,image/png,/127.0.0.1,a2.mzstatic.com/23.218.156.8,,13 Feb 2014 13:22:13,13 Feb 2014 13:22:13,13 Feb 2014 13:22:13,13 Feb 2014 13:22:13,158,0,2,96,88.95371,6848.6323,366,,242,13784,,
http://a3.mzstatic.com/us/r30/Purple/v4/c5/fa/75/c5fa7597-2ae3-2f41-e8fa-6d1e7361f963/icon_100.png,Complete,200,http,GET,image/png,/127.0.0.1,a3.mzstatic.com/23.218.156.18,,13 Feb 2014 13:22:13,13 Feb 2014 13:22:13,13 Feb 2014 13:22:13,13 Feb 2014 13:22:13,159,0,1,103,39.867092,5982.4214,365,,241,5885,,
http://a2.mzstatic.com/us/r30/Purple4/v4/d4/db/80/d4db809f-93f0-a8b5-0bfa-f5ffda3c7a0a/icon_100.png,Complete,200,http,GET,image/png,/127.0.0.1,a2.mzstatic.com/23.218.156.8,,13 Feb 2014 13:22:13,13 Feb 2014 13:22:13,13 Feb 2014 13:22:13,13 Feb 2014 13:22:13,317,0,81,137,75.05976,289.33978,366,,242,23757,,
http://a4.mzstatic.com/us/r30/Purple/v4/f4/d6/8b/f4d68b9d-5549-c218-5e3d-615b9f323159/icon_100.png,Complete,200,http,GET,image/png,/127.0.0.1,a4.mzstatic.com/23.218.156.27,,13 Feb 2014 13:22:13,13 Feb 2014 13:22:13,13 Feb 2014 13:22:13,13 Feb 2014 13:22:13,313,0,81,135,84.31198,321.39758,365,,242,26416,,
http://a3.mzstatic.com/us/r30/Purple4/v4/60/ee/da/60eeda8d-39e9-93ea-92f6-d3f6b0b204e8/icon_100.png,Complete,200,http,GET,image/png,/127.0.0.1,a3.mzstatic.com/23.218.156.18,,13 Feb 2014 13:22:13,13 Feb 2014 13:22:13,13 Feb 2014 13:22:13,13 Feb 2014 13:22:13,288,0,5,206,73.52702,4163.672,366,,242,21076,,
http://a5.mzstatic.com/us/r30/Purple4/v4/04/0a/ca/040acacf-d647-a6ad-9aaa-85eb974292aa/icon_100.png,Complete,200,http,GET,image/png,/127.0.0.1,a5.mzstatic.com/23.218.156.11,,13 Feb 2014 13:22:13,13 Feb 2014 13:22:13,13 Feb 2014 13:22:13,13 Feb 2014 13:22:13,284,0,1,216,35.187195,9635.742,366,,241,9626,,
http://a2.mzstatic.com/us/r30/Purple6/v4/da/86/22/da862224-0858-2953-67fe-571bc25196af/icon_100.png,Complete,200,http,GET,image/png,/127.0.0.1,a2.mzstatic.com/23.218.156.8,,13 Feb 2014 13:22:13,13 Feb 2014 13:22:13,13 Feb 2014 13:22:13,13 Feb 2014 13:22:13,87,0,7,78,146.4058,1768.5547,366,,242,12435,,
http://a3.mzstatic.com/us/r30/Purple4/v4/8a/b2/3f/8ab23fa2-1775-d3b0-e619-a2ddf0c1e066/icon_100.png,Complete,200,http,GET,image/png,/127.0.0.1,a3.mzstatic.com/23.218.156.18,,13 Feb 2014 13:22:13,13 Feb 2014 13:22:13,13 Feb 2014 13:22:13,13 Feb 2014 13:22:13,106,0,4,100,183.2713,4767.334,366,,242,19285,,
http://a1.mzstatic.com/us/r30/Purple4/v4/4a/c4/66/4ac46642-2add-0b12-bc42-b84b619f4704/icon_100.png,Complete,200,http,GET,image/png,/127.0.0.1,a1.mzstatic.com/23.218.156.19,,13 Feb 2014 13:22:13,13 Feb 2014 13:22:13,13 Feb 2014 13:22:13,13 Feb 2014 13:22:13,213,0,1,154,36.256603,7365.234,366,,241,7301,,
http://a4.mzstatic.com/us/r30/Purple/v4/09/7f/6d/097f6d5b-22bb-96c7-264e-a2b634cb8d87/icon_100.png,Complete,200,http,GET,image/png,/127.0.0.1,a4.mzstatic.com/23.218.156.27,,13 Feb 2014 13:22:13,13 Feb 2014 13:22:13,13 Feb 2014 13:22:14,13 Feb 2014 13:22:14,238,0,1,177,28.775768,6492.187,365,,241,6407,,
http://a3.mzstatic.com/us/r30/Purple/v4/df/da/61/dfda614b-d8cb-5b70-b820-a09cea5abde7/icon_100.png,Complete,200,http,GET,image/png,/127.0.0.1,a3.mzstatic.com/23.218.156.18,,13 Feb 2014 13:22:13,13 Feb 2014 13:22:13,13 Feb 2014 13:22:14,13 Feb 2014 13:22:14,126,0,6,118,52.68787,1047.0377,365,,241,6192,,
http://a1.mzstatic.com/us/r30/Purple6/v4/38/6e/25/386e2579-6eba-08ae-003b-23e70910f3df/icon_100.png,Complete,200,http,GET,image/png,/127.0.0.1,a1.mzstatic.com/23.218.156.19,,13 Feb 2014 13:22:13,13 Feb 2014 13:22:14,13 Feb 2014 13:22:14,13 Feb 2014 13:22:14,154,0,6,87,110.18035,2768.3918,366,,242,16767,,
http://a5.mzstatic.com/us/r30/Purple4/v4/e4/d1/6d/e4d16d29-389f-286d-dfa9-16cb31f1aa4c/icon_100.png,Complete,200,http,GET,image/png,/127.0.0.1,a5.mzstatic.com/23.218.156.11,,13 Feb 2014 13:22:13,13 Feb 2014 13:22:13,13 Feb 2014 13:22:14,13 Feb 2014 13:22:14,127,1,15,108,45.767715,363.67188,366,,241,5345,,
http://a4.mzstatic.com/us/r30/Purple6/v4/79/5e/10/795e1086-e6a6-bc28-041f-1bc51895d30f/icon_100.png,Complete,200,http,GET,image/png,/127.0.0.1,a4.mzstatic.com/23.218.156.27,,13 Feb 2014 13:22:13,13 Feb 2014 13:22:14,13 Feb 2014 13:22:14,13 Feb 2014 13:22:14,144,0,2,84,45.28809,3082.031,366,,241,6071,,
http://a4.mzstatic.com/us/r30/Purple/v4/c2/b0/5e/c2b05e57-0c2d-c589-fac7-f3a1cca151ab/icon_100.png,Complete,200,http,GET,image/png,/127.0.0.1,a4.mzstatic.com/23.218.156.27,,13 Feb 2014 13:22:13,13 Feb 2014 13:22:14,13 Feb 2014 13:22:14,13 Feb 2014 13:22:14,190,0,50,80,144.81393,543.16406,365,,242,27568,,
http://a4.mzstatic.com/us/r30/Purple6/v4/4c/bd/da/4cbdda4f-2f34-2e78-cb9e-aafd50615bb0/icon_100.png,Complete,200,http,GET,image/png,/127.0.0.1,a4.mzstatic.com/23.218.156.27,,13 Feb 2014 13:22:14,13 Feb 2014 13:22:14,13 Feb 2014 13:22:14,13 Feb 2014 13:22:14,137,0,39,95,124.0377,426.5575,366,,242,16793,,
http://a4.mzstatic.com/us/r30/Purple4/v4/eb/4d/22/eb4d2256-e190-6a89-fc1d-3d1320386675/icon_100.png,Complete,200,http,GET,image/png,/127.0.0.1,a4.mzstatic.com/23.218.156.27,,13 Feb 2014 13:22:14,13 Feb 2014 13:22:14,13 Feb 2014 13:22:14,13 Feb 2014 13:22:14,189,0,65,69,120.69589,345.44772,366,,242,22751,,
http://a1.mzstatic.com/us/r30/Purple6/v4/36/04/d3/3604d367-1994-7911-3fee-8cb56a7a52e3/icon_100.png,Complete,200,http,GET,image/png,/127.0.0.1,a1.mzstatic.com/23.218.156.19,,13 Feb 2014 13:22:14,13 Feb 2014 13:22:14,13 Feb 2014 13:22:14,13 Feb 2014 13:22:14,137,0,4,70,90.3356,3004.6384,366,,242,12065,,
http://a1.mzstatic.com/us/r30/Purple6/v4/2c/17/2b/2c172bff-ba9f-956e-aef1-206453d11009/icon_100.png,Complete,200,http,GET,image/png,/127.0.0.1,a1.mzstatic.com/23.218.156.19,,13 Feb 2014 13:22:14,13 Feb 2014 13:22:14,13 Feb 2014 13:22:14,13 Feb 2014 13:22:14,133,0,2,70,42.586937,2653.32,366,,241,5193,,
http://a1.mzstatic.com/us/r30/Purple/v4/7f/72/c9/7f72c9b4-c119-54bc-70ba-d0e2037bca9a/icon_100.png,Complete,200,http,GET,image/png,/127.0.0.1,a1.mzstatic.com/23.218.156.19,,13 Feb 2014 13:22:14,13 Feb 2014 13:22:14,13 Feb 2014 13:22:14,13 Feb 2014 13:22:14,81,1,8,70,240.42728,2389.7705,365,,242,19335,,
http://a5.mzstatic.com/us/r30/Purple6/v4/a0/23/bf/a023bfbd-ae06-35f5-01d1-25090a1ea07c/icon_100.png,Complete,200,http,GET,image/png,/127.0.0.1,a5.mzstatic.com/23.218.156.11,,13 Feb 2014 13:22:14,13 Feb 2014 13:22:14,13 Feb 2014 13:22:14,13 Feb 2014 13:22:14,232,0,2,172,77.729324,8837.891,366,,242,17858,,
http://a5.mzstatic.com/us/r30/Purple6/v4/cb/3b/ac/cb3bac93-9773-f65c-8df4-16160706ad7d/icon_100.png,Complete,200,http,GET,image/png,/127.0.0.1,a5.mzstatic.com/23.218.156.11,,13 Feb 2014 13:22:14,13 Feb 2014 13:22:14,13 Feb 2014 13:22:14,13 Feb 2014 13:22:14,186,1,3,124,93.29322,5665.039,366,,242,17161,,
http://a1.mzstatic.com/us/r30/Purple6/v4/36/57/53/36575367-46d1-23c1-1b30-7b2382cf9072/icon_100.png,Complete,200,http,GET,image/png,/127.0.0.1,a1.mzstatic.com/23.218.156.19,,13 Feb 2014 13:22:14,13 Feb 2014 13:22:14,13 Feb 2014 13:22:14,13 Feb 2014 13:22:14,162,0,2,158,33.54673,2538.5742,366,,241,4958,,
http://a5.mzstatic.com/us/r30/Purple/v4/ab/97/c7/ab97c7df-b53e-35d5-1cde-fe91ac646294/icon_100.png,Complete,200,http,GET,image/png,/127.0.0.1,a5.mzstatic.com/23.218.156.11,,13 Feb 2014 13:22:14,13 Feb 2014 13:22:14,13 Feb 2014 13:22:14,13 Feb 2014 13:22:14,257,0,21,174,73.28779,879.9293,365,,242,18680,,
http://a2.mzstatic.com/us/r30/Purple4/v4/8d/64/ad/8d64ada0-1fcb-c8ae-ab10-a1f0333a8aa2/icon_100.png,Complete,200,http,GET,image/png,/127.0.0.1,a2.mzstatic.com/23.218.156.8,,13 Feb 2014 13:22:14,13 Feb 2014 13:22:14,13 Feb 2014 13:22:14,13 Feb 2014 13:22:14,208,0,2,153,76.50053,7777.3433,366,,242,15686,,
http://a2.mzstatic.com/us/r30/Purple4/v4/2f/bd/9a/2fbd9a88-a461-96da-74df-38b473c31ab0/icon_100.png,Complete,200,http,GET,image/png,/127.0.0.1,a2.mzstatic.com/23.218.156.8,,13 Feb 2014 13:22:14,13 Feb 2014 13:22:14,13 Feb 2014 13:22:14,13 Feb 2014 13:22:14,263,0,50,156,94.12502,487.94922,366,,242,24741,,
http://a2.mzstatic.com/us/r30/Purple6/v4/59/3c/b7/593cb768-e032-11ce-c7ea-de5764ced2d2/icon_100.png,Complete,200,http,GET,image/png,/127.0.0.1,a2.mzstatic.com/23.218.156.8,,13 Feb 2014 13:22:14,13 Feb 2014 13:22:14,13 Feb 2014 13:22:14,13 Feb 2014 13:22:14,140,0,2,70,67.26423,4529.785,366,,241,9036,,
http://a5.mzstatic.com/us/r30/Purple6/v4/9a/88/59/9a8859bb-5385-da8d-4154-5bf92fa424a5/icon_100.png,Complete,200,http,GET,image/png,/127.0.0.1,a5.mzstatic.com/23.218.156.11,,13 Feb 2014 13:22:14,13 Feb 2014 13:22:14,13 Feb 2014 13:22:14,13 Feb 2014 13:22:14,95,1,4,88,52.960526,1168.457,366,,241,4545,,
http://a2.mzstatic.com/us/r30/Purple4/v4/bb/26/5d/bb265dd5-0090-f811-a15c-e9d681f32037/icon_100.png,Complete,200,http,GET,image/png,/127.0.0.1,a2.mzstatic.com/23.218.156.8,,13 Feb 2014 13:22:14,13 Feb 2014 13:22:14,13 Feb 2014 13:22:14,13 Feb 2014 13:22:14,209,0,1,149,34.586197,6871.0933,366,,241,6795,,
http://a2.mzstatic.com/us/r30/Purple6/v4/99/5e/fe/995efec9-f73e-641e-1e4b-379e6e33ca68/icon_100.png,Complete,200,http,GET,image/png,/127.0.0.1,a2.mzstatic.com/23.218.156.8,,13 Feb 2014 13:22:14,13 Feb 2014 13:22:14,13 Feb 2014 13:22:14,13 Feb 2014 13:22:14,177,0,2,173,34.13003,2841.7966,366,,241,5579,,
http://a4.mzstatic.com/us/r30/Purple4/v4/9c/98/a3/9c98a385-60da-5f3d-20e4-79bd4f26e3f9/icon_100.png,Complete,200,http,GET,image/png,/127.0.0.1,a4.mzstatic.com/23.218.156.27,,13 Feb 2014 13:22:14,13 Feb 2014 13:22:14,13 Feb 2014 13:22:14,13 Feb 2014 13:22:14,206,0,3,119,75.460785,5062.5,366,,242,15310,,
http://a2.mzstatic.com/us/r30/Purple/v4/42/a8/47/42a84705-d44e-30ea-e430-e031af2a6cfc/icon_100.png,Complete,200,http,GET,image/png,/127.0.0.1,a2.mzstatic.com/23.218.156.8,,13 Feb 2014 13:22:14,13 Feb 2014 13:22:14,13 Feb 2014 13:22:14,13 Feb 2014 13:22:14,198,0,18,102,107.95948,1167.7518,365,,242,21282,,
http://a1.mzstatic.com/us/r30/Purple4/v4/8c/ef/1d/8cef1d09-6615-19d6-e82e-5c4082a4145c/icon_100.png,Complete,200,http,GET,image/png,/127.0.0.1,a1.mzstatic.com/23.218.156.19,,13 Feb 2014 13:22:14,13 Feb 2014 13:22:14,13 Feb 2014 13:22:14,13 Feb 2014 13:22:14,161,0,12,86,42.659405,542.5618,366,,241,6426,,
http://a4.mzstatic.com/us/r30/Purple/v4/6b/e4/3d/6be43d46-247f-7aff-a22d-dd46e4a7bd63/icon_100.png,Complete,200,http,GET,image/png,/127.0.0.1,a4.mzstatic.com/23.218.156.27,,13 Feb 2014 13:22:14,13 Feb 2014 13:22:14,13 Feb 2014 13:22:14,13 Feb 2014 13:22:14,182,0,26,97,53.00803,357.34674,365,,241,9273,,
http://a1.mzstatic.com/us/r30/Purple/v4/db/89/26/db89269d-2b20-3124-090b-ac0f6f13c4b8/icon_100.png,Complete,200,http,GET,image/png,/127.0.0.1,a1.mzstatic.com/23.218.156.19,,13 Feb 2014 13:22:14,13 Feb 2014 13:22:14,13 Feb 2014 13:22:14,13 Feb 2014 13:22:14,327,0,4,168,44.369385,3538.0857,365,,242,14250,,
http://a4.mzstatic.com/us/r30/Purple4/v4/17/c5/d1/17c5d136-49fa-8192-21dc-0806352d1ad6/icon_100.png,Complete,200,http,GET,image/png,/127.0.0.1,a4.mzstatic.com/23.218.156.27,,13 Feb 2014 13:22:14,13 Feb 2014 13:22:14,13 Feb 2014 13:22:14,13 Feb 2014 13:22:14,286,1,18,143,38.83714,597.2222,366,,242,10766,,
http://a4.mzstatic.com/us/r30/Purple/v4/9f/07/db/9f07db7c-eaf5-9469-5066-c8b17de23e57/icon_100.png,Complete,200,http,GET,image/png,/127.0.0.1,a4.mzstatic.com/23.218.156.27,,13 Feb 2014 13:22:14,13 Feb 2014 13:22:14,13 Feb 2014 13:22:14,13 Feb 2014 13:22:14,280,0,5,168,25.927734,1380.6641,365,,241,6828,,
http://a1.mzstatic.com/us/r30/Purple4/v4/c2/ee/dd/c2eeddad-0bb0-3672-09b8-589a9553df90/icon_100.png,Complete,200,http,GET,image/png,/127.0.0.1,a1.mzstatic.com/23.218.156.19,,13 Feb 2014 13:22:14,13 Feb 2014 13:22:14,13 Feb 2014 13:22:14,13 Feb 2014 13:22:14,236,0,2,149,90.559616,10507.323,366,,242,21277,,
http://a4.mzstatic.com/us/r30/Purple/v4/95/9d/18/959d185d-2387-3810-a485-5564908666f1/icon_100.png,Complete,200,http,GET,image/png,/127.0.0.1,a4.mzstatic.com/23.218.156.27,,13 Feb 2014 13:22:14,13 Feb 2014 13:22:14,13 Feb 2014 13:22:14,13 Feb 2014 13:22:14,125,0,5,117,176.66406,4345.3125,365,,242,22006,,
http://a4.mzstatic.com/us/r30/Purple4/v4/a8/ec/ae/a8ecaeef-b718-0c6b-cb97-178976e0263a/icon_100.png,Complete,200,http,GET,image/png,/127.0.0.1,a4.mzstatic.com/23.218.156.27,,13 Feb 2014 13:22:14,13 Feb 2014 13:22:14,13 Feb 2014 13:22:14,13 Feb 2014 13:22:14,205,1,64,138,122.80869,387.78683,366,,242,25172,,
http://a2.mzstatic.com/us/r30/Purple6/v4/75/60/9e/75609e07-a0c7-812c-8e47-1e80efe61799/icon_100.png,Complete,200,http,GET,image/png,/127.0.0.1,a2.mzstatic.com/23.218.156.8,,13 Feb 2014 13:22:14,13 Feb 2014 13:22:14,13 Feb 2014 13:22:14,13 Feb 2014 13:22:14,163,0,11,92,40.53633,568.1818,366,,241,6159,,
http://a2.mzstatic.com/us/r30/Purple/v4/e8/a9/9c/e8a99ce8-4c6f-40d0-78ba-927ae37a7185/icon_100.png,Complete,200,http,GET,image/png,/127.0.0.1,a2.mzstatic.com/23.218.156.8,,13 Feb 2014 13:22:14,13 Feb 2014 13:22:14,13 Feb 2014 13:22:15,13 Feb 2014 13:22:15,160,0,6,89,45.288086,1148.2748,365,,241,6814,,
http://a2.mzstatic.com/us/r30/Purple4/v4/cf/4c/2e/cf4c2e24-6abf-1c9a-e5fc-df4f323586a9/icon_100.png,Complete,200,http,GET,image/png,/127.0.0.1,a2.mzstatic.com/23.218.156.8,,13 Feb 2014 13:22:14,13 Feb 2014 13:22:14,13 Feb 2014 13:22:15,13 Feb 2014 13:22:15,159,0,3,96,136.60207,7120.768,366,,242,21633,,
https://outlook.office365.com:443,Complete,-1,https,CONNECT,,/127.0.0.1,outlook.office365.com/157.56.239.201,,13 Feb 2014 13:22:29,,,13 Feb 2014 13:22:30,1004,,,,8.293973,,317,3617,0,4593,,
